number,milliseconds,x,y,pressure,azimuth,altitude,time,Speed_x,Speed_Ax,Speed_y,Speed_Ay,Speed_abs,Speed_A_abs,Strokes_Number,PerStrokes_Time
1,0,1091,585,0,0,9,21:10:01:21:48:43:741,0.0,-0.03741496598639456,0.0,0.06575963718820861,0.0,0.07565850621633956,1,0
1,42,1058,527,0,0,9,21:10:01:21:48:43:783,-7.337715901229826,-0.06277566406270452,12.363012715011541,0.05951595018250489,14.376583670632536,0.0865039439831499,1,42
1,48,1045,508,0,0,9,21:10:01:21:48:43:789,-4.802907872018901,-0.2033994373114316,7.0954267194294065,0.3512887179567839,8.568138908648358,0.40592498625032664,1,48
1,54,1034,489,0,0,9,21:10:01:21:48:43:795,-0.9923192773612355,1.2097067466417641,2.963613740604168,-1.4646708220096407,3.1253326145740954,1.8996449746510524,1,54
1,62,1022,472,0,0,9,21:10:01:21:48:43:803,-22.104188431844584,-3.8314240352626014,28.056455806830225,4.081631338566155,35.7177807075287,5.598171533809348,1,62
1,63,1011,460,0,0,9,21:10:01:21:48:43:804,-11.56341111867953,2.2879786615927142,12.596272717056472,-2.5019975181136664,17.099080766581068,3.390403801400437,1,63
1,79,997,449,0,0,9,21:10:01:21:48:43:820,-0.11034038871598906,-0.8256156536806049,-0.8807319558702789,0.8194552673311558,0.8876169103127105,1.1632489599218339,1,79
1,94,963,425,0,0,9,21:10:01:21:48:43:835,-4.378868486630154,0.4153674628476051,3.382216073423556,-0.3532844189808667,5.532980642522374,0.5452889233123163,1,94
1,110,953,418,0,0,9,21:10:01:21:48:43:851,-1.9402027295205349,-0.21990924320890282,1.2493432049998225,0.16480031042790008,2.307649253140122,0.27480760099721513,1,110
1,118,941,412,0,0,9,21:10:01:21:48:43:859,-4.2399575681233195,-0.16752946644179323,1.8421123482887547,-0.04785802460566704,4.622836584090348,0.17423120456860922,1,118
1,124,928,408,0,0,9,21:10:01:21:48:43:865,-2.9619409088724264,0.4083498343402391,0.9037938216839363,-0.07972963241075388,3.096762377026379,0.41606057430385623,1,124
1,133,916,405,0,0,9,21:10:01:21:48:43:874,-5.802581325675112,-0.6939242479507124,1.190084591369409,0.07544856888406881,5.923364869370148,0.6980138597768785,1,133
1,137,902,403,0,0,9,21:10:01:21:48:43:878,-4.440322186081685,0.3417204844140923,0.6022670128263778,-0.06102402482225098,4.480980547932344,0.3471265202684874,1,137
1,152,873,401,0,0,9,21:10:01:21:48:43:893,-3.1614259276089887,-0.053978761062177215,0.04481282718079317,-0.012192088819382538,3.161743519838111,0.0553385369845222,1,152
1,168,849,404,0,0,9,21:10:01:21:48:43:909,-2.633475951021447,0.0513047449777252,-0.4624836806486313,-0.015858132554032366,2.6737776159349194,0.0536996948346141,1,168
1,187,829,411,0,0,9,21:10:01:21:48:43:928,-3.126875923783507,-0.0022874444805336324,-1.123210788796155,0.011558757058048034,3.322492365499888,0.011782922684058443,1,187
1,196,820,415,0,0,9,21:10:01:21:48:43:937,-2.680399096715029,-0.058989309998076146,-1.3611483847244616,-0.0891251364001409,3.00620429161239,0.10687856956561893,1,196
1,202,813,420,0,0,9,21:10:01:21:48:43:943,-1.837233876575714,0.13171105004451444,-1.4686611546839876,0.03939865752474337,2.352104144062318,0.13747747058547669,1,202
1,210,808,426,0,0,9,21:10:01:21:48:43:951,-0.78987644702663,-0.01049669265724348,-1.0952723207309984,-0.00855144903649611,1.350380042109213,0.013539122473942669,1,210
1,226,800,439,0,0,9,21:10:01:21:48:43:967,-0.9946068980221255,0.01250955294947321,-1.7952104329127008,-0.01748248165288335,2.052321461182873,0.021497117940297877,1,226
1,241,795,453,0,0,9,21:10:01:21:48:43:982,-0.4653921648022883,0.02615698664323711,-1.6353232668760125,0.03304913647084703,1.7002564671970504,0.04214775642573583,1,241
1,258,794,467,0,0,9,21:10:01:21:48:43:999,-0.18125593921588007,-0.012625389169403617,-2.877918185073704,-0.07024023411348203,2.883620431936033,0.0713658947957332,1,258
1,266,794,476,0,0,9,21:10:01:21:48:44:07,0.1630134351093746,0.06744273275071729,-1.6563845115804816,0.14266910703224217,1.6643866829045073,0.1578068322420232,1,266
1,277,797,484,0,0,9,21:10:01:21:48:44:18,0.8712199178341239,-0.07504155407349017,-3.290092883698187,-0.2248309598139737,3.403488699642229,0.23702361766000704,1,277
1,281,799,491,0,0,9,21:10:01:21:48:44:22,2.074309939145399,0.7182532313957944,-4.553485646309012,-0.24019875482477218,5.0036979579886305,0.757352722468119,1,281
1,284,805,498,0,0,9,21:10:01:21:48:44:25,2.482333607948843,-0.25179300774905444,-2.6368972418114844,0.25403546893423495,3.6214924002440396,0.35767826077069886,1,284
1,300,826,517,0,0,9,21:10:01:21:48:44:41,3.04967684609475,0.2055234125172928,-2.3834892678509108,-0.12860947218916322,3.870600722829325,0.24244642589555418,1,300
1,316,870,547,0,0,9,21:10:01:21:48:44:57,5.331459007672157,-0.031238142320116895,-3.704145686784873,0.0025899198224179276,6.491929637589702,0.03134532214379733,1,316
1,336,932,589,0,0,9,21:10:01:21:48:44:77,11.099463407856854,0.05303858233858662,-7.167607824654434,0.02606386639062601,13.212595879326695,0.05909666951457956,1,336
1,344,964,607,0,0,9,21:10:01:21:48:44:85,10.422252188265277,0.3818252794301859,-6.0190398162536365,-0.3014218642904268,12.035455163202053,0.48646241816224206,1,344
1,350,996,627,0,0,9,21:10:01:21:48:44:91,9.248115023274124,-0.5192360804589832,-5.914797631764304,0.28855021150115673,10.977816837077997,0.5940263729900971,1,350
1,357,1019,643,0,0,9,21:10:01:21:48:44:98,3.7585962350581927,-0.15378969576597684,-2.7517590481540113,0.08456285320382478,4.658242535258452,0.175505403522978,1,357
1,373,1042,664,0,0,9,21:10:01:21:48:44:114,2.433958429344763,-0.02376919661486858,-2.510484729322575,-0.004403563349895265,3.4966680156886882,0.02417366496609111,1,373
1,388,1052,679,0,0,9,21:10:01:21:48:44:129,0.932574338144211,-0.04604497850816795,-1.579337149563968,0.05300101842882068,1.834121241400893,0.07020860346360579,1,388
1,406,1054,688,0,0,9,21:10:01:21:48:44:147,0.24370057472953394,0.003454066523821115,-1.6100015333981166,-0.024000764780763094,1.6283411521139517,0.024248036737280397,1,406
1,414,1054,692,0,0,9,21:10:01:21:48:44:155,-0.0012174155543523447,-0.0021835640947926874,-0.7976302377170781,0.03675267961011359,0.7976311667815109,0.03681748783770733,1,414
1,425,1054,695,0,0,9,21:10:01:21:48:44:166,0.014444433630064424,0.005031173037413927,-0.9023338078760139,0.01445824151801381,0.9024494127090562,0.015308607053733504,1,425
1,429,1053,697,0,0,9,21:10:01:21:48:44:170,-1.2889512133349568,-0.4067289965199245,-2.224248867284,-0.5504157712220068,2.5707349637743317,0.6843873156481067,1,429
1,431,1051,700,0,0,9,21:10:01:21:48:44:172,-1.1403685768101617,0.1803116330447194,-1.6885864942099928,0.27357814429601324,2.037587995499686,0.3276542171981062,1,431
1,447,1048,704,0,0,9,21:10:01:21:48:44:188,-0.1742559107374316,-0.05017254978562816,-0.20311883261478642,-0.07799885326327909,0.26762358376967704,0.0927421471736442,1,447
1,462,1045,708,0,0,9,21:10:01:21:48:44:203,-0.41155769149656196,0.010047463866228954,-0.5239224504473492,0.0239119062391394,0.6662390468238366,0.02593705438426982,1,462
1,484,1038,712,0,0,9,21:10:01:21:48:44:225,-1.3896794468081217,-0.03181886310942861,-0.6242769768267441,-0.004109425166191826,1.5234601106287182,0.032083133026141436,1,484
1,492,1033,713,0,0,9,21:10:01:21:48:44:233,-1.3433656539460421,-0.019102688675051473,-0.23500834568174453,0.007676582952441713,1.3637669165740705,0.020587438899524597,1,492
1,500,1026,714,0,0,9,21:10:01:21:48:44:241,-2.51185793740771,-0.0792703821903655,-0.3856896404462778,-0.026596906643575023,2.5412962827001686,0.08361332989191174,1,500
1,505,1020,715,0,0,9,21:10:01:21:48:44:246,-1.578108169708666,0.05277028926998301,-0.22879511916517353,0.03602138182268335,1.5946073503703166,0.06389243600030622,1,505
1,520,1007,715,0,0,9,21:10:01:21:48:44:261,-1.4520608301075402,0.019036022676833783,0.05409654132688867,-0.007191382645963943,1.4530681643048031,0.020349106705543647,1,520
1,536,999,714,0,0,9,21:10:01:21:48:44:277,-0.8176109656440343,0.014263265936660018,0.19239353406948978,0.017534062294344635,0.8399422379503951,0.022602745313829564,1,536
1,554,993,710,0,0,9,21:10:01:21:48:44:295,-1.0487030176974272,-0.015248802584567856,0.6796285934341411,-0.006606710019259921,1.2496691739580357,0.016618501663558986,1,554
1,563,988,706,0,0,9,21:10:01:21:48:44:304,-1.5482600672603046,-0.08518186451406104,1.4641238018691813,0.1527202836750184,2.130907727489097,0.17486976607712934,1,563
1,570,981,698,0,0,9,21:10:01:21:48:44:311,-1.9089147682516054,0.02805603157777104,2.1086599748276442,-0.0910160709930086,2.8443632823338865,0.09524214448917699,1,570
1,578,972,688,0,0,9,21:10:01:21:48:44:319,-2.0193945898078733,-0.12442598696683801,2.5634110009834123,0.288037160865284,3.263285226471644,0.31376301928685807,1,578
1,593,947,647,0,0,9,21:10:01:21:48:44:334,-2.7905159181329684,0.14994314319015864,4.808732624876878,-0.2414387221239331,5.5597561589433715,0.2842104901839167,1,593
1,609,938,628,0,0,9,21:10:01:21:48:44:350,-0.8223176570814189,-0.050317817080454075,1.8276314837594478,0.08585270991903705,2.004106576401723,0.09951166020213088,1,609
1,632,927,579,0,0,9,21:10:01:21:48:44:373,-1.5655296651883377,0.08831018364528587,10.400909129281743,0.12278769025870506,10.51806987275522,0.15124650546221494,1,632
1,639,927,560,0,0,9,21:10:01:21:48:44:380,-0.32088345523896783,-0.1816765726393435,2.8112819683881884,-0.8341097362282921,2.8295357388855624,0.8536658767438287,1,639
1,649,929,535,0,0,9,21:10:01:21:48:44:390,3.1501497736746535,0.6758832184220678,22.347984744365082,2.6214502914236713,22.568913702944517,2.7071792987073877,1,649
1,651,934,513,0,0,9,21:10:01:21:48:44:392,2.836317234228625,-0.302215757868096,12.057580219846159,-1.786854815942593,12.386683826238873,1.8122319105349143,1,651
1,667,951,477,0,0,9,21:10:01:21:48:44:408,1.6200915944875178,0.056437552900457634,1.9296780878484234,0.411492049442876,2.5195940739038614,0.41534431997090104,1,667
1,683,964,453,0,0,9,21:10:01:21:48:44:424,1.5550269141370927,-0.01728445373373447,3.1118653234969877,-0.14036338182891075,3.4787662317657593,0.14142358819985512,1,683
1,702,978,433,0,0,9,21:10:01:21:48:44:443,2.3830958506173445,-0.0077387607087874705,3.2939320066964664,0.02933439003273405,4.065603755651677,0.03033801008471781,1,702
1,710,983,426,0,0,9,21:10:01:21:48:44:451,1.2647633416004604,0.009405633454566414,1.7947984264761307,0.0021322149121819852,2.19566110817165,0.009644287486040126,1,710
1,718,988,418,0,0,9,21:10:01:21:48:44:459,1.3911841163141467,-0.029883773109478182,2.485207620732344,0.05588675031853801,2.8480958838548416,0.06337482746663205,1,718
1,724,991,411,0,0,9,21:10:01:21:48:44:465,0.6614497533668078,0.001916763238142967,1.466091174246365,-0.09698112136941996,1.6083964397598298,0.09700006125452323,1,724
1,740,1000,401,0,0,9,21:10:01:21:48:44:481,1.3242663873612406,0.02937281601116115,1.2603332891292964,0.04261555239645309,1.8281470029464977,0.05175758520719802,1,740
1,755,1013,389,0,0,9,21:10:01:21:48:44:496,1.74367110519381,-0.001785520300151912,1.643050112101342,-0.0026977537779581404,2.3958302514919616,0.003235113319304595,1,755
1,771,1028,375,0,0,9,21:10:01:21:48:44:512,1.9019419520135952,0.005944376152625068,1.735481806020981,-0.0013732844820869958,2.5747388776066455,0.006100944034544044,1,771
1,787,1043,361,0,0,9,21:10:01:21:48:44:528,1.6693944200851423,-0.02199198431034836,1.6928004415925118,0.008190891706306123,2.3774883942655136,0.02346780946000378,1,787
1,805,1056,347,0,0,9,21:10:01:21:48:44:546,2.317472351956184,0.00603768044416781,2.17956998034711,-0.06213007875826432,3.181383881475423,0.062422754438217584,1,805
1,813,1061,344,0,0,9,21:10:01:21:48:44:554,1.4659045743109607,-0.06267962485547363,1.1143803543388366,0.08333267225619596,1.8413907231009257,0.10427401228197504,1,813
1,818,1063,341,0,0,9,21:10:01:21:48:44:559,0.6471121357389849,0.04627376053779437,0.8962409440151697,-0.06392176971899609,1.105441968603451,0.07891294924356522,1,818
1,827,1066,339,0,0,9,21:10:01:21:48:44:568,0.3169882505464,-0.15358524119787495,0.07849940903847608,-0.09928005286841729,0.32656348265514507,0.18287961945324896,1,827
1,835,1069,336,0,0,9,21:10:01:21:48:44:576,4.8553644636987,0.6319292944859499,4.865121393396717,0.6084355489579775,6.873424928507954,0.8772277073059799,1,835
1,836,1071,334,0,0,9,21:10:01:21:48:44:577,2.0983064253596253,-0.39604537116409905,2.0905394387275766,-0.40759945829625877,2.9619664075713112,0.568321435830035,1,836
1,852,1073,333,0,0,9,21:10:01:21:48:44:593,-0.27824988140645845,0.0989758328183386,-0.42028321108508343,0.10155912706967625,0.5040446151112985,0.1418113950754253,1,852
1,868,1074,333,0,0,9,21:10:01:21:48:44:609,0.22658334416864706,-0.023295460109255282,0.15309340561275675,-0.022074549982446227,0.27345493723237035,0.03209305561378382,1,868
1,909,1073,335,0,0,9,21:10:01:21:48:44:650,0.0,-0.001189767995240928,0.0,-0.002379535990481856,0.0,0.002660402114812361,1,909
2,0,837,725,0,0,9,21:10:01:21:48:51:354,0.0,0.1015625,0.0,0.15625,0.0,0.1863571944043213,1,0
2,16,850,705,0,0,9,21:10:01:21:48:51:370,1.6129251729080203,-0.0368728734396616,2.414140809710572,-0.07354813090569036,2.9033779400054662,0.0822735459027862,1,16
2,40,870,678,0,0,9,21:10:01:21:48:51:394,3.6571003259360895,0.014264453652318142,4.953105475256664,0.03314439271707106,6.156917787576784,0.036083589158820734,1,40
2,47,875,671,0,0,9,21:10:01:21:48:51:401,1.1180166174875652,-0.10196183973965153,1.5670693892626373,-0.14854245810311958,1.9250110721090181,0.18016958295564603,1,47
2,55,879,664,0,0,9,21:10:01:21:48:51:409,2.921814123983476,0.20916121636362917,5.335031053887204,0.43428287425926126,6.082725879163891,0.48202700059809744,1,55
2,57,881,660,0,0,9,21:10:01:21:48:51:411,1.0722105356694192,-0.18376480467768547,2.1456550179663303,-0.37365891018013475,2.3986393828428225,0.4164018306818954,1,57
2,73,883,657,0,0,9,21:10:01:21:48:51:427,0.07569736608264521,0.059200658479338704,-0.05203875449158257,0.10675968862289564,0.09185925756767911,0.122075177981623,1,73
2,89,885,655,0,0,9,21:10:01:21:48:51:443,0.0,0.015625,0.0,0.015625,0.0,0.02209708691207961,1,89
2,352,787,572,0,0,9,21:10:01:21:48:51:706,0.0,0.078125,0.0,0.0390625,0.0,0.08734640537108554,2,0
2,368,797,567,0,0,9,21:10:01:21:48:51:722,1.5334034740523288,-0.007274131486917771,0.7225665871548955,-0.014670853211276116,1.695119077560165,0.01637519229920001,2,16
2,384,809,562,0,0,9,21:10:01:21:48:51:738,1.0628146752192558,-0.0448530397957878,0.47282888947565593,-0.007245763760533595,1.163246402351709,0.04543452730463899,2,32
2,405,823,559,0,0,9,21:10:01:21:48:51:759,4.288184710274404,0.13978624041328486,0.6351846452961956,-0.011758903485582816,4.3349726231028525,0.1402799515970259,2,53
2,410,831,559,0,0,9,21:10:01:21:48:51:764,2.6170221212751246,-0.14539413315585348,-0.04097203187843407,-0.018703767384269036,2.617342830169483,0.14659224014424124,2,58
2,417,839,560,0,0,9,21:10:01:21:48:51:771,1.9891209377809522,0.006810121545273642,-0.40616417896961876,-0.04992256035606946,2.0301653739034755,0.05038491627428589,2,65
2,425,847,563,0,0,9,21:10:01:21:48:51:779,1.494517638257001,-0.005460946426261453,-0.5504814006364847,0.029468254939353015,1.592674713652474,0.02996998473541822,2,73
2,441,863,569,0,0,9,21:10:01:21:48:51:795,2.1213189615627566,0.012977778506147536,-1.0347832382418547,-0.0634434846400243,2.3602479714707925,0.06475722722772821,2,89
2,456,878,581,0,0,9,21:10:01:21:48:51:810,1.5828357556222405,-0.04781647497073094,-1.286186336084529,0.06080026457679057,2.0395206104393195,0.07735041985170005,2,104
2,475,896,596,0,0,9,21:10:01:21:48:51:829,5.30963763255641,0.14426653403859369,-4.636808788678874,-0.16418988562550274,7.049272837096666,0.21856612588693697,2,123
2,480,905,605,0,0,9,21:10:01:21:48:51:834,3.1200583997906954,-0.18009822714487955,-3.215907708578496,0.13255031766565384,4.480717220289523,0.22361788419979822,2,128
2,486,912,613,0,0,9,21:10:01:21:48:51:840,1.5779556596310256,-0.09319527883426966,-1.8547244247288586,0.11747373991385486,2.4351481998940803,0.14995145736652674,2,134
2,495,919,620,0,0,9,21:10:01:21:48:51:849,2.902356324381051,0.17145715495155928,-2.680294091265741,-0.10957564111958187,3.950651674008825,0.20348065537256954,2,143
2,499,924,624,0,0,9,21:10:01:21:48:51:853,1.4148730413347792,-0.19644879647469507,-1.170260535229354,0.11459241913777543,1.8361305627354558,0.22742812526203474,2,147
2,515,927,630,0,0,9,21:10:01:21:48:51:869,0.1293442891280018,0.04982020244884789,-0.6012182826434953,-0.0247121375645431,0.6149742828076813,0.055612429501444106,2,163
2,530,929,634,0,0,9,21:10:01:21:48:51:884,0.2628979986157324,-0.018044787215563175,-0.4026985934551265,0.023244921519817684,0.4809173680029604,0.02942687074966408,2,178
2,551,930,638,0,0,9,21:10:01:21:48:51:905,0.19700760186528185,0.0017921870715293339,-1.191055441428785,-0.04027663946742237,1.2072386092855991,0.04031649316704123,2,199
2,556,930,640,0,0,9,21:10:01:21:48:51:910,0.001504328590612979,6.5036186031203995E-6,-0.5394197406960961,0.06981980864938685,0.5394218383205783,0.06981980895228838,2,204
2,565,930,641,0,0,9,21:10:01:21:48:51:919,-0.003037923464940001,-0.0010158929642815602,-0.02562743530782625,-0.002248679056931816,0.025806867679663347,0.0024675080579322404,2,213
2,645,930,639,0,0,9,21:10:01:21:48:51:999,0.046711565501142444,0.0022596301884336206,0.31620203289292514,0.007356915761950603,0.31963369027245236,0.007696111883082117,2,293
2,661,929,630,0,0,9,21:10:01:21:48:52:15,-0.36150017250975386,-0.045473597439795656,1.8087406081185449,0.12452290614125186,1.8445121203672328,0.1325662182382058,2,309
2,677,921,603,0,0,9,21:10:01:21:48:52:31,-0.9018472390984907,0.015572259570749003,2.8011082619056227,-0.08357354032695805,2.9427089454421935,0.0850119515769428,2,325
2,699,906,568,0,0,9,21:10:01:21:48:52:53,-3.283184792665673,-0.07031014814769473,7.544365147058021,0.1718035050928785,8.227803343234141,0.1856339443494899,2,347
2,706,897,549,0,0,9,21:10:01:21:48:52:60,-2.6161163247231514,0.0160031798047418,5.167100295201742,-0.19796080970487642,5.791631038417148,0.19860660599001534,2,354
2,713,888,534,0,0,9,21:10:01:21:48:52:67,-2.5380641941560085,0.006297428928727525,4.358662243563583,0.13024381535928006,5.043778980796395,0.13039597022321897,2,361
2,720,880,518,0,0,9,21:10:01:21:48:52:74,-1.3669652445174765,0.08125608407218497,2.8117845651303908,-0.2005654721404071,3.1264558881302364,0.21640023062291408,2,368
2,739,864,494,0,0,9,21:10:01:21:48:52:93,-4.606423362282383,-0.12973089979259064,6.555487065599402,0.17801892094323926,8.012087546939437,0.22027447100104558,2,387
2,744,856,484,0,0,9,21:10:01:21:48:52:98,-2.4628260259537575,0.027169834324040937,3.0439785664430987,-0.06262232060576045,3.9155226403483048,0.06826239766699148,2,392
2,754,848,473,0,0,9,21:10:01:21:48:52:108,-0.21019711971268995,0.4633559469241726,0.9001544701426054,-0.4411424986543382,0.9243705421816651,0.6397698317903006,2,402
2,762,840,463,0,0,9,21:10:01:21:48:52:116,-14.43302954827131,-2.269064054063828,16.464261054332145,2.1759191447017225,21.894844918529817,3.14376777223192,2,410
2,763,833,456,0,0,9,21:10:01:21:48:52:117,-7.332742209758798,1.1363053977555195,7.316851652318188,-1.1374046153963027,10.358833255575155,1.607755956634321,2,411
2,784,822,444,0,0,9,21:10:01:21:48:52:138,-1.3371508283439302,-0.4224395519064845,1.6899975379771865,0.4427835886336678,2.1550090524426597,0.6119742489502811,2,432
2,790,820,441,0,0,9,21:10:01:21:48:52:144,-1.391713020926019,0.015363265490232736,1.7916541581446237,-0.07556471524452207,2.2686757712401184,0.07711067446540124,2,438
2,793,818,439,0,0,9,21:10:01:21:48:52:147,-0.6979521897166445,0.08603284420490583,0.6550387565775357,-0.09884555246686987,0.9571901753303275,0.1310423348558256,2,441
2,809,815,438,0,0,9,21:10:01:21:48:52:163,-0.3048583742059578,-0.027521117266069983,-0.01514642675344581,0.02236407121716384,0.3052344059356633,0.035462142870660705,2,457
2,824,812,438,0,0,9,21:10:01:21:48:52:178,-0.31430965470125516,0.01698558421452308,-0.004104347288503896,-0.012002905066282696,0.31433645144190153,0.020798552861650027,2,472
2,847,809,441,0,0,9,21:10:01:21:48:52:201,-0.5938888221079833,-0.02003027552021211,-0.6200622449868282,-0.008949955603136809,0.858592523076525,0.021938861472595345,2,495
2,855,807,443,0,0,9,21:10:01:21:48:52:209,-0.41391943552136673,0.016727167621411722,-0.4058938694319782,0.014196594946394768,0.5797233239613451,0.0219394950877819,2,503
2,866,805,445,0,0,9,21:10:01:21:48:52:220,-0.30658479329927346,-0.006027205123730862,-0.3087177757654572,-0.005343641276999781,0.4350872332715927,0.008054917982250559,2,514
2,881,802,448,0,0,9,21:10:01:21:48:52:235,-0.39579304164013823,0.001354994233837787,-0.3966538055582538,8.410595268491341E-4,0.5603448699458193,0.0015948010852257848,2,529
2,897,799,451,0,0,9,21:10:01:21:48:52:251,-0.3146486074325311,0.005087402147376264,-0.30881560194039076,0.006438058030646905,0.4408750641179845,0.008205501314063982,2,545
2,916,797,453,0,0,9,21:10:01:21:48:52:270,-0.15061205290343338,0.006085420767043993,-0.17510929477878512,0.001542107266142606,0.23097024829555446,0.006277773548978978,2,564
2,936,797,454,0,0,9,21:10:01:21:48:52:290,0.04036989813642686,0.0030127743369420317,-0.043773911675284355,0.004448573901350329,0.059547325875315985,0.0053727664160199435,2,584
2,971,798,454,0,0,9,21:10:01:21:48:52:325,0.002250938544946457,-0.008048143456455197,-0.04744507706591922,-0.006291007842039667,0.047498442733674325,0.010215155053364936,2,619
2,991,802,452,0,0,9,21:10:01:21:48:52:345,1.2759795574746589,0.09042100534942646,0.707800232552235,0.0568155388038551,1.4591452978693467,0.10678934243628141,2,639
2,999,809,448,0,0,9,21:10:01:21:48:52:353,1.4891346414307538,-0.10657667880484714,0.801581824124554,-0.0819812520218865,1.6911698321209336,0.1344600838470199,2,647
2,1008,818,445,0,0,9,21:10:01:21:48:52:362,3.85688132731586,0.40558211517437676,1.25464087473827,0.14809313981258887,4.055817710100118,0.43177358674295074,2,656
2,1013,831,441,0,0,9,21:10:01:21:48:52:367,3.5389487240990056,-0.159421823127785,0.9871520676586542,-0.12175532931110201,3.6740478054163552,0.20059829985581049,2,661
2,1028,861,438,0,0,9,21:10:01:21:48:52:382,3.7260995585937096,0.049930823282634394,0.2596941678492902,0.03531649822540905,3.7351384152889398,0.06115833680363606,2,676
2,1044,892,435,0,0,9,21:10:01:21:48:52:398,3.5343837083162115,-0.06746148103790987,0.3120502667334414,-0.027393309394301922,3.548132405446486,0.07281102130447165,2,692
2,1061,916,433,0,0,9,21:10:01:21:48:52:415,4.815579541937709,0.029361930074942328,0.6003392350401459,0.04845745890344462,4.852856223077043,0.05665905277274609,2,709
2,1068,926,430,0,0,9,21:10:01:21:48:52:422,2.318022212810334,-0.023098161402615766,0.759590553627782,7.534929750265799E-4,2.439304160666045,0.02311044810999352,2,716
2,1079,934,428,0,0,9,21:10:01:21:48:52:433,0.6338526049508628,-0.32561744616569427,-0.14670194199483377,-0.16789522181314087,0.6506078577669118,0.3663543731896107,2,727
2,1086,944,425,0,0,9,21:10:01:21:48:52:440,16.443384423106778,2.312014292169425,5.738180017478517,1.0737798632953228,17.415843396145373,2.549198556804513,2,734
2,1087,951,422,0,0,9,21:10:01:21:48:52:441,7.3947240077017335,-1.284335122979512,3.174250033395304,-0.5766398314617486,8.047223522718284,1.4078459444651719,2,735
2,1103,967,417,0,0,9,21:10:01:21:48:52:457,0.3602329684326273,0.33471124307087363,-0.1103814150966197,0.1504359004002581,0.37676497759812355,0.3669639987345977,2,751
2,1119,981,413,0,0,9,21:10:01:21:48:52:473,1.9636862238309143,-0.10138484930398253,0.6028019427806484,-0.04854127013928382,2.0541260350532142,0.11240615007696943,2,767
2,1138,994,411,0,0,9,21:10:01:21:48:52:492,2.0065438546441343,0.03141172210734396,0.21460250824727975,0.006447023721797808,2.01798723414103,0.032066499662707575,2,786
2,1147,1000,411,0,0,9,21:10:01:21:48:52:501,1.4844484301175722,0.0068880600966298505,-0.013772178798205192,-0.007814238126967299,1.484512315404414,0.010416702424459183,2,795
2,1155,1007,412,0,0,9,21:10:01:21:48:52:509,2.5285508993783363,0.09163755721856122,-0.5161986898957204,-0.06779238964741151,2.580703535510627,0.11398793790174269,2,803
2,1160,1013,414,0,0,9,21:10:01:21:48:52:514,1.488804308196924,-0.09753619369112614,-0.5231216460900305,0.035023207169687445,1.5780350201163675,0.10363365341530578,2,808
2,1176,1023,418,0,0,9,21:10:01:21:48:52:530,1.0943475998018277,0.011770771808405753,-0.5006090318441051,-0.014500797055613428,1.2034143392680319,0.01867683549784724,2,824
2,1191,1030,422,0,0,9,21:10:01:21:48:52:545,0.8938573451666348,-0.007947250204209251,-0.4733592917280224,0.015911873515535573,1.0114593281855675,0.01778613236717602,2,839
2,1207,1036,425,0,0,9,21:10:01:21:48:52:561,0.6758633113004043,-0.014614504029069546,-0.4430764046682399,-0.018376512633062763,0.8081509239836833,0.023479351451196544,2,855
2,1222,1039,429,0,0,9,21:10:01:21:48:52:576,0.3245488242838795,-0.0011163164620226658,-0.39824556813777173,0.027316920466754813,0.513742612487445,0.027339720302709588,2,870
2,1240,1041,432,0,0,9,21:10:01:21:48:52:594,0.31333015197139735,-0.013357715911321908,-0.8223770209411229,-0.051514947850548685,0.8800453105985027,0.05321859098484601,2,888
2,1247,1041,435,0,0,9,21:10:01:21:48:52:601,-0.008479726824596667,0.0030446893165480948,-0.6178007834979765,0.07323060752818235,0.6178589757037874,0.07329387431416748,2,895
2,1257,1041,437,0,0,9,21:10:01:21:48:52:611,0.0017360070664528607,-0.001001542538338189,-0.6638848039782921,-0.07578074495757878,0.663887073736061,0.07578736302169183,2,905
2,1263,1041,440,0,0,9,21:10:01:21:48:52:617,-4.673865178911549E-4,2.670780102235171E-4,-1.0401262524087749,-0.01788703943988374,1.0401263574201356,0.01788903324910269,2,911
2,1270,1041,443,0,0,9,21:10:01:21:48:52:624,0.0,0.0,0.0,-0.12244897959183673,0.0,0.12244897959183673,2,918
3,0,856,752,0,0,9,21:10:01:21:48:53:533,0.0,-0.04081632653061224,0.0,0.04081632653061224,0.0,0.05772300254584061,1,0
3,7,855,751,0,0,9,21:10:01:21:48:53:540,-1.079192138343334,-0.30375605184244964,0.853698577207924,0.17490258833650074,1.3760294081846114,0.35051198900711,1,7
3,10,852,749,0,0,9,21:10:01:21:48:53:543,-1.2401483122163235,0.09922971370490123,0.8219156297460674,-0.0572023310888496,1.4877880019390768,0.11453664376065431,1,10
3,26,841,741,0,0,9,21:10:01:21:48:53:559,-1.484374418539896,-0.06152881032868112,1.0971207225519952,0.040561301022923955,1.8458172429221336,0.0736954112624054,1,26
3,41,826,729,0,0,9,21:10:01:21:48:53:574,-1.9739517521217662,0.023474054739987312,1.7182154638907463,0.013362442266687277,2.617011635445644,0.02701085169457771,1,41
3,57,812,711,0,0,9,21:10:01:21:48:53:590,-1.6732222670096994,0.01359629756568772,2.5316695340850095,0.03206931650759558,3.0346372739804153,0.03483246142263088,1,57
3,72,803,692,0,0,9,21:10:01:21:48:53:605,-0.8134987122160129,0.028762978339170967,1.7222280145447537,-0.09013977998252819,1.9046914419033536,0.09461759275229004,1,72
3,95,797,674,0,0,9,21:10:01:21:48:53:628,-1.1261370749156454,-0.015441226459419869,4.163580012138138,0.15066242195527185,4.313187131226257,0.15145163209420845,1,95
3,102,795,662,0,0,9,21:10:01:21:48:53:635,-0.48733235121153334,0.016550966111841914,2.764569117927891,-0.19663832370241735,2.8071934789639914,0.19733363835831946,1,102
3,111,792,652,0,0,9,21:10:01:21:48:53:644,-1.0442590895246664,-0.07858406845303198,3.022400887471763,0.17986019841587045,3.197715461176148,0.19627823819472984,1,111
3,117,789,636,0,0,9,21:10:01:21:48:53:650,-1.1757296155915713,0.2014272264307303,10.082284296475528,0.9512120490298294,10.15060573384348,0.972305142312383,1,117
3,120,789,620,0,0,9,21:10:01:21:48:53:653,0.049318391537047146,-0.051395221678318,6.0752800001708644,-0.7336593576773837,6.07548017725512,0.7354573556087087,1,120
3,136,791,586,0,0,9,21:10:01:21:48:53:669,0.8125249903524494,0.1311710465302433,4.218714861077341,0.3609637152906932,4.296248589062563,0.38405812998073596,1,136
3,152,812,530,0,0,9,21:10:01:21:48:53:685,2.5630816470531546,-0.027976464442655176,6.224860555519772,-0.1945705034853892,6.731885060302696,0.196571522325257,1,152
3,172,841,479,0,0,9,21:10:01:21:48:53:705,5.228601350320242,0.03702843476936398,9.120983923814347,0.1266828403148465,10.513354356200994,0.1319835103780239,1,172
3,180,855,456,0,0,9,21:10:01:21:48:53:713,3.894683560282059,0.03574211772109008,5.912015076826208,-0.15660362349045245,7.079582071234977,0.160630613114461,1,180
3,187,868,441,0,0,9,21:10:01:21:48:53:720,3.514106895983496,-0.10366198099006729,3.866939671421311,-0.10117302295176313,5.225147815977143,0.14485091258250002,1,187
3,194,878,431,0,0,9,21:10:01:21:48:53:727,2.0012698081649107,0.011558867463668859,1.858321475583788,-0.050949182661678645,2.7310143814502927,0.052243914774218046,1,194
3,209,897,419,0,0,9,21:10:01:21:48:53:742,2.2316022110259954,-0.05029232485996871,1.1488092521283473,-0.05476355824349125,2.5099424547251683,0.07435297742060425,1,209
3,225,909,418,0,0,9,21:10:01:21:48:53:758,1.1641341768277593,-0.009703679414810795,-0.12201003830876439,-0.016588853061147702,1.170510500212002,0.019218518154888328,1,225
3,245,924,431,0,0,9,21:10:01:21:48:53:778,3.71876844049259,0.07516710578129382,-3.606758059437661,-0.11021928238507527,5.180534954357727,0.13341058429156652,1,245
3,251,932,441,0,0,9,21:10:01:21:48:53:784,2.3369618016709395,-0.03576931872184377,-3.039159367302786,-0.006136709125521977,3.8337814390407488,0.03629191866953452,1,251
3,259,940,456,0,0,9,21:10:01:21:48:53:792,1.8024870048788295,-0.18118271380951712,-4.52213442889234,-0.05210705627186656,4.8681268672591615,0.18852671189171272,1,259
3,265,944,473,0,0,9,21:10:01:21:48:53:798,2.9385741316708924,0.5598784227402048,-9.966076640066387,-0.7069847918972602,10.39027918407404,0.9018266708320795,1,265
3,268,950,487,0,0,9,21:10:01:21:48:53:801,2.3247007692145747,-0.3302384421555278,-5.21570286535467,0.6794561972606269,5.7103231122289175,0.7554589020411249,1,268
3,284,956,506,0,0,9,21:10:01:21:48:53:817,0.2675059988150736,0.06996409585559019,-1.5834105140423422,-0.17646132001325263,1.6058481607492923,0.1898251094289419,1,284
3,299,958,521,0,0,9,21:10:01:21:48:53:832,0.2652572834529266,-0.03359725790387645,-1.980552405149254,0.0796201789767755,1.9982365365409873,0.08641845080162772,1,299
3,315,957,531,0,0,9,21:10:01:21:48:53:848,-0.2617365036748416,-0.008839465487094572,-1.0508566215156958,-0.002470706022580695,1.0829615119381264,0.009178264451820541,1,315
3,331,954,537,0,0,9,21:10:01:21:48:53:864,-0.24331126875356035,0.022080119852254734,-0.5535211087879631,0.02401264511354728,0.6046370741000947,0.03262114066121998,1,331
3,351,953,539,0,0,9,21:10:01:21:48:53:884,-0.3091786610154267,-0.03116685907844137,-0.2830842335595466,-0.0019689575907056284,0.41919938897532766,0.031228991319115967,1,351
3,359,951,539,0,0,9,21:10:01:21:48:53:892,-0.5069752416553812,0.012967713918452752,0.07404429748191568,0.028751090351071207,0.5123538363681125,0.031540240973180485,1,359
3,367,950,539,0,0,9,21:10:01:21:48:53:900,-0.0557775152201917,0.07304600340463037,-0.26309295636811625,-0.1130354038135792,0.26894057874306404,0.1345835098691076,1,367
3,374,946,537,0,0,9,21:10:01:21:48:53:907,-3.477439314809157,-0.7105276060082802,2.4456193498932834,0.6964770151263601,4.251310173670327,0.994952115179008,1,374
3,377,938,530,0,0,9,21:10:01:21:48:53:910,-3.145996628035932,0.3759338416348745,2.834879110857227,-0.284192730039287,4.234835812258619,0.4712661255527899,1,377
3,393,923,513,0,0,9,21:10:01:21:48:53:926,-1.4654774770071315,-0.11118144775627443,1.7287836185998429,0.06780579350711405,2.266344421211029,0.1302264948399924,1,393
3,409,907,498,0,0,9,21:10:01:21:48:53:942,-1.9434823528244303,0.045354449390223206,1.7708197480767354,-0.033905443989169164,2.6292444230079743,0.05662689477265202,1,409
3,427,892,484,0,0,9,21:10:01:21:48:53:960,-2.465669783307593,-0.016955521913043753,2.3190650553046077,0.014574675656463608,3.3849062337162423,0.022358687211793536,1,427
3,436,885,478,0,0,9,21:10:01:21:48:53:969,-1.359027251442784,0.04806126973485313,1.0073949600478098,-0.09371124003451742,1.6916854541237434,0.10531705539623319,1,436
3,446,878,476,0,0,9,21:10:01:21:48:53:979,-2.188918512455364,-0.12070618860403581,0.5870996134103008,0.06298550404034896,2.2662855535515223,0.1361512309401934,1,446
3,452,871,474,0,0,9,21:10:01:21:48:53:985,-1.5600444092771644,0.09699755633010236,0.4368442610583514,-0.04640395482433213,1.6200529211530572,0.10752605710873081,1,452
3,467,858,473,0,0,9,21:10:01:21:48:54:00,-1.953226187254772,-0.10331068228267228,0.0035078057324548616,-0.0019297947746762948,1.9532293370925162,0.10332870453839835,1,467
3,483,835,474,0,0,9,21:10:01:21:48:54:16,-2.5575033436996657,0.09533118478588411,-0.11290078267926407,0.002544162399682017,2.5599941288535333,0.09536512756241841,1,483
3,500,815,480,0,0,9,21:10:01:21:48:54:33,-5.263935834261075,-0.1807476946327858,-1.972294403274063,-0.11056970945927776,5.62129572966981,0.21188532220277997,1,500
3,506,802,487,0,0,9,21:10:01:21:48:54:39,-3.9536947713890154,0.12543122352664712,-2.2237020650740407,0.02676715552595202,4.536138580282065,0.1282554967646308,1,506
3,513,791,494,0,0,9,21:10:01:21:48:54:46,-2.182413390358885,0.19924327536178013,-1.424058691970529,0.1382103161544164,2.6059300383154147,0.24248706000195944,1,513
3,522,781,501,0,0,9,21:10:01:21:48:54:55,-4.809545736188019,-0.4990998460398592,-3.412717927642705,-0.36408520803218397,5.897319208092629,0.6177853146723786,1,522
3,526,770,509,0,0,9,21:10:01:21:48:54:59,-3.3202088355442445,0.337518296361746,-2.4463937286502224,0.2222473075284254,4.124151911266752,0.40411937108058793,1,526
3,542,754,523,0,0,9,21:10:01:21:48:54:75,-1.5013953664721458,-0.06277077939440036,-1.4435243362602923,-0.04272196681301747,2.0827747251778685,0.07592981755643195,1,542
3,557,745,532,0,0,9,21:10:01:21:48:54:90,-1.0222617549310393,0.059433038710992314,-1.0217032430484512,0.049520334796818485,1.4453015645360696,0.07735987104960364,1,557
3,573,742,537,0,0,9,21:10:01:21:48:54:106,-0.30594079982585987,-0.01676791932284488,-0.7277561922776453,-0.04402695345046775,0.7894484456863183,0.04711194910579574,1,573
3,589,741,546,0,0,9,21:10:01:21:48:54:122,0.13089337528711043,0.0545136385803872,-0.9784561983672831,0.03283747900505248,0.9871725319402929,0.06363989958100454,1,589
3,608,750,553,0,0,9,21:10:01:21:48:54:141,1.5361231565963112,-0.01739803833177327,-1.1854530105385783,-0.02261676794398229,1.9403538832971665,0.02853436401999871,1,608
3,617,757,558,0,0,9,21:10:01:21:48:54:150,2.3393781926336903,0.19589915745119094,-1.4638264596828596,-0.05335334597520541,2.7596155950127774,0.20303462615237938,1,617
3,624,767,563,0,0,9,21:10:01:21:48:54:157,2.171310849367736,-0.3153469698128922,-1.0820389411496336,0.13692529004592308,2.4259841456090063,0.3437909923548511,1,624
3,632,779,567,0,0,9,21:10:01:21:48:54:165,7.918766180516096,1.064710802599982,-2.4669566112177583,-0.30607137422962094,8.294138456965648,1.1078306636376818,1,632
3,635,793,571,0,0,9,21:10:01:21:48:54:168,5.440401435067834,-0.6336206328988242,-1.5236463828867177,0.21272263756142587,5.64973150466214,0.6683756630564852,1,635
3,651,819,576,0,0,9,21:10:01:21:48:54:184,2.5464955263882594,0.16459072764721075,-0.42532166805130484,-0.0650153815403326,2.5817703203866453,0.17696640207755066,1,651
3,666,841,581,0,0,9,21:10:01:21:48:54:199,2.6392451565360675,-0.06777966584972513,-0.5784079690115623,0.03349276363452047,2.7018828203523504,0.07560322955124504,1,666
3,686,864,584,0,0,9,21:10:01:21:48:54:219,3.9243063454251157,0.018785784738629952,-0.50311169832208,-0.013463136565572242,3.956425365621391,0.023111939650955097,1,686
3,694,873,585,0,0,9,21:10:01:21:48:54:227,2.3262441701952485,0.019198671453903242,-0.18992405709355098,0.029260046872704504,2.3339843801598708,0.0349962759245578,1,694
3,702,883,586,0,0,9,21:10:01:21:48:54:235,2.9373836404605567,-0.001830470554242915,-0.5288587399703827,-0.10357705092524577,2.9846129092544604,0.10359322420323111,1,702
3,708,890,589,0,0,9,21:10:01:21:48:54:241,1.401557464074949,-0.1003893660187373,-0.6523847006168304,0.06934617515420761,1.545952496910275,0.12201195358718771,1,708
3,724,896,591,0,0,9,21:10:01:21:48:54:257,0.0,0.046875,0.0,-0.015625,0.0,0.04941058844013093,1,724
3,960,968,539,0,0,9,21:10:01:21:48:54:493,0.0,0.003780718336483932,0.0,0.007561436672967864,0.0,0.008453943204157996,2,0
3,983,969,537,0,0,9,21:10:01:21:48:54:516,0.3873990391792539,0.031186870437871866,0.8184710193260816,0.06996903495706089,0.905523508824417,0.07660474359027002,2,23
3,990,971,533,0,0,9,21:10:01:21:48:54:523,0.5089050179660835,-0.027083121396736905,0.9038806247124094,-0.10679078035688556,1.0372967275768084,0.11017153095887777,2,30
3,998,973,530,0,0,9,21:10:01:21:48:54:531,0.7405224496547808,0.047487479318911244,1.3444018720027235,0.19192109217946407,1.5348582644293722,0.19770879169986944,2,38
3,1003,975,525,0,0,9,21:10:01:21:48:54:536,0.5252364023931604,-0.023601898223559355,1.343893525545893,-0.0771244307621962,1.4428870664064737,0.08065499005113107,2,43
3,1019,980,515,0,0,9,21:10:01:21:48:54:552,0.6591757143354873,0.014302645549683541,1.0958750616724502,0.0018512894446825166,1.278849003270244,0.01442196041902332,2,59
3,1034,985,509,0,0,9,21:10:01:21:48:54:567,0.5042032911099077,-0.025608910166895323,0.6434880128375247,-0.015385936891678446,0.817494820431083,0.029875463744866396,2,74
3,1053,988,505,0,0,9,21:10:01:21:48:54:586,0.6634494929371189,0.024959717324013708,0.6937768409613095,-0.006229880963119031,0.9599435060110435,0.025725452487940864,2,93
3,1060,990,504,0,0,9,21:10:01:21:48:54:593,0.5500277177774286,-0.006345530634945613,0.330679472876869,0.030038796204299292,0.6417783138324095,0.030701710643585626,2,100
3,1068,992,502,0,0,9,21:10:01:21:48:54:601,0.46104097269921096,-0.024829727063180224,0.5042001551433506,-0.026837197066250325,0.6832104909572257,0.03656159860297112,2,108
3,1075,993,501,0,0,9,21:10:01:21:48:54:608,0.22732209932270886,0.021828416302546956,0.14802987944517493,-0.011150228643432519,0.2712714176780085,0.024511371995017347,2,115
3,1091,997,501,0,0,9,21:10:01:21:48:54:624,0.5123951376008733,-0.011715119851109727,-0.08185792974288965,-0.009773247505075553,0.5188925685523061,0.015256487142239879,2,131
3,1106,1001,504,0,0,9,21:10:01:21:48:54:639,0.5564064570149098,0.031805517995203446,-0.4829847842261541,-0.027710333092693037,0.7367919972433666,0.042183569491582966,2,146
3,1131,1023,522,0,0,9,21:10:01:21:48:54:664,4.199618111030137,0.05245141432601478,-3.337651267889029,-0.030262985600336943,5.364392627738352,0.06055575251159439,2,171
3,1139,1032,528,0,0,9,21:10:01:21:48:54:672,1.390958120635666,-0.34836641192463264,-0.7036455218205941,0.3137644221174455,1.5588077218632452,0.46883607960985396,2,179
3,1147,1039,536,0,0,9,21:10:01:21:48:54:680,6.986549406427199,1.1535142333725157,-8.347766644828594,-1.4122947028694453,10.885636433620272,1.8235052548172372,2,187
3,1149,1047,546,0,0,9,21:10:01:21:48:54:682,4.40672028710642,-0.7666766860266274,-5.558838674140034,0.8678893402246725,7.093650054373293,1.1580263588417965,2,189
3,1164,1054,563,0,0,9,21:10:01:21:48:54:697,-0.15919876234646868,0.17066525721068668,-1.1873260367383087,-0.23224321079333118,1.197951319315333,0.28820745822824484,2,204
3,1180,1057,580,0,0,9,21:10:01:21:48:54:713,0.533432609864587,-0.04725597854144758,-1.8894260497005426,0.11285868536352815,1.9632832568312555,0.1223528110420582,2,220
3,1201,1056,593,0,0,9,21:10:01:21:48:54:734,-0.5706774450439742,-0.03068647566753103,-2.739497430249294,-0.09404462183302371,2.798306437226703,0.09892446959478941,2,241
3,1208,1053,600,0,0,9,21:10:01:21:48:54:741,-0.6560043498375976,0.060729128719693035,-1.6839124551493216,0.08725030632870738,1.8071809161267904,0.10630448264069733,2,248
3,1217,1050,607,0,0,9,21:10:01:21:48:54:750,-1.12793904623009,-0.12856646865876542,-2.0803570237360955,-0.08892934626157074,2.366459768983735,0.1563258311664955,2,257
3,1223,1045,613,0,0,9,21:10:01:21:48:54:756,-1.1709225015635238,0.05173865021428748,-1.2808312470764298,0.09154904959257046,1.7353928051467606,0.10515757893418484,2,263
3,1239,1035,620,0,0,9,21:10:01:21:48:54:772,-1.2387308652539188,-0.015943862342253534,-0.6998965692543707,-0.00747388153147976,1.422782261692477,0.017608681141281553,2,279
3,1254,1025,623,0,0,9,21:10:01:21:48:54:787,-1.361292635258594,-0.005953262547258693,-0.2649860833384935,0.02823972409804118,1.3868436332811145,0.028860411502438437,2,294
3,1270,1013,623,0,0,9,21:10:01:21:48:54:803,-2.2297886291047426,0.006766263316490113,-0.07094562610734241,-0.027422166944147296,2.2309169891209693,0.028244602301692345,2,310
3,1278,1007,623,0,0,9,21:10:01:21:48:54:811,-1.5674877950564752,-0.028691054804423292,0.251579919991274,0.10805355346880141,1.5875485642316036,0.1117977953406307,2,318
3,1286,1000,620,0,0,9,21:10:01:21:48:54:819,-1.7502601906693562,0.014247955901203048,0.5646259461422465,-0.12354204693105829,1.83907944203043,0.12436093280157734,2,326
3,1294,994,618,0,0,9,21:10:01:21:48:54:827,-3.5564714422660995,0.0654492311996111,1.8649162954397402,0.29236463425543174,4.015769155299019,0.2996008698717888,2,334
3,1296,993,616,0,0,9,21:10:01:21:48:54:829,-0.5150063466674117,0.03851586439907679,1.1028027748650877,-0.179478154830084,1.217130024836234,0.18356437527913655,2,336
3,1312,989,613,0,0,9,21:10:01:21:48:54:845,-0.4031142218577908,-0.0010918487978741672,0.23021968891049632,0.06259276908576006,0.4642221246623839,0.06260229129689024,2,352
3,1328,987,609,0,0,9,21:10:01:21:48:54:861,-0.1933700992347584,0.012726530792419885,0.43048513615959355,-0.047455421512956224,0.4719210185321312,0.04913228690975782,2,368
3,1343,986,608,0,0,9,21:10:01:21:48:54:876,-0.23787544914029904,-0.02810502189093642,0.29077872236131785,0.05605012189540835,0.3756820393388262,0.06270174176193313,2,383
3,1359,982,601,0,0,9,21:10:01:21:48:54:892,-0.36488511706810106,0.028225837209484978,0.7408749134474307,-0.033642264676310915,0.8258551846622626,0.04391468841660275,2,399
3,1380,978,594,0,0,9,21:10:01:21:48:54:913,-1.0904105803729138,-0.061042321243049924,1.5381606188730697,0.04608217312954637,1.885453081686516,0.07648353851046112,2,420
3,1387,974,590,0,0,9,21:10:01:21:48:54:920,-0.9071180164907988,0.0771304460710465,0.9211213150306068,-0.063648958354377,1.2927983496454176,0.10000147804265609,2,427
3,1396,972,588,0,0,9,21:10:01:21:48:54:929,-0.338406529893667,0.006040007740661834,0.24973323808903827,-0.04233851553387281,0.4205777807743885,0.042767178900638796,2,436
3,1404,970,587,0,0,9,21:10:01:21:48:54:937,-1.2640136378419802,-0.13327511806107345,0.8782209192907481,0.17862710250096692,1.5391564117172767,0.22286744679760662,2,444
3,1407,968,585,0,0,9,21:10:01:21:48:54:940,-0.7303933805577627,0.12791084513944068,0.76728417433372,-0.11369604358343,1.0593391782359298,0.17113729760286386,2,447
3,1423,967,583,0,0,9,21:10:01:21:48:54:956,0.0,-0.0078125,0.0,0.015625,0.0,0.017469281074217108,2,463
